{
    "global_max": 3.3646959259743703,
    "global_min": -2.44484408174092,
    "backend": "multiprocess",
    "has_uuid": false,
    "seq_dim": 1
}